[
  {
    "question": "Como a Hepatite A é transmitida?",
    "options": [
      "Pelo ar",
      "Pelo contato com sangue",
      "Por água ou alimentos contaminados",
      "Por picada de inseto"
    ],
    "answer": 2
  },
  {
    "question": "Qual órgão é afetado pela Hepatite A?",
    "options": ["Coração", "Fígado", "Pulmões", "Estômago"],
    "answer": 1
  },
  {
    "question": "Existe vacina contra a Hepatite A?",
    "options": ["Sim", "Não"],
    "answer": 0
  },
  {
    "question": "Qual é um sintoma comum da Hepatite A?",
    "options": [
      "Tosse persistente",
      "Pele e olhos amarelados (icterícia)",
      "Dor no peito",
      "Coceira no ouvido"
    ],
    "answer": 1
  },
  {
    "question": "Como prevenir a Hepatite A?",
    "options": [
      "Evitar exercício físico",
      "Beber muita água",
      "Lavar bem os alimentos e vacinar-se",
      "Tomar antibióticos regularmente"
    ],
    "answer": 2
  },
  {
    "question": "Hepatite A é considerada uma doença:",
    "options": ["Sexualmente transmissível", "Autoimune", "Infecciosa", "Genética"],
    "answer": 2
  },
  {
    "question": "O período de incubação da Hepatite A é geralmente:",
    "options": [
      "1 a 2 dias",
      "2 a 7 dias",
      "15 a 50 dias",
      "3 a 6 meses"
    ],
    "answer": 2
  },
  {
    "question": "A Hepatite A pode evoluir para uma forma crônica?",
    "options": ["Sim", "Não"],
    "answer": 1
  },
  {
    "question": "Quem está mais vulnerável à Hepatite A?",
    "options": [
      "Apenas adultos",
      "Pessoas que viajam para áreas com saneamento precário",
      "Pessoas que praticam esportes aquáticos",
      "Pessoas com pressão alta"
    ],
    "answer": 1
  },
  {
    "question": "Quais exames ajudam a diagnosticar a Hepatite A?",
    "options": [
      "Eletrocardiograma",
      "Exame de fezes",
      "Exame de sangue para anticorpos (anti-HAV)",
      "Teste de esforço"
    ],
    "answer": 2
  }
]